{"cameraMode":{"drawMode":0,"name":"Shaded","section":"Shading Mode"},"sceneLighting":true,"audioPlay":false,"sceneViewState":{"showFog":true,"showMaterialUpdate":false,"showSkybox":true,"showFlares":true,"showImageEffects":true,"showParticleSystems":true},"in2DMode":false,"pivot":{"x":3044.996826171875,"y":160.4956817626953,"z":-0.7200736999511719},"rotation":{"x":-0.22320586442947389,"y":0.04150783643126488,"z":-0.009513748809695244,"w":-0.9738433957099915},"size":8589.8056640625,"orthographic":false}